yellowrock.nl,[],[],[],[],[]
johnjacoblinden.nl,[],[],[],[],[]
greentherapy.be,[],[],[],[],[]
quintadaovelha.nl,[],[],[],[],[]
fietshandeljanssens.be,[],[],[],[],[]
groothuis-droogijsreiniging.nl,[],[],[],[],[]
e-bakker.be,[],[],[],[],[]
disram.nl,[],[],[],[],[]
fotogroepparkheverlea.be,[],[],[],[],[]
dedrievijvers.be,[],[],[],[],[]
janmverburg.nl,[],[],[],[],[]
hotel-sandt.be,[],"[u'Tel. - +32 (0)3 232 93 90', u'Tel. - +32 (0)3 232 93 90', u'Tel. - +32 (0)3 232 93 90', u'Tel. - +32 (0)3 232 93 90', u'Tel. - +32 (0)3 232 93 90', u'Tel. - +32 (0)3 232 93 90', u'Tel. - +32 (0)3 232 93 90', u'Tel. - +32 (0)3 232 93 90', u'Tel. - +32 (0)3 232 93 90', u'Tel. - +32 (0)3 232 93 90', u'Tel. - +32 (0)3 232 93 90', u'Tel. - +32 (0)3 232 93 90']",[],[],[]
sweet-memories.nl,[],[],[],[],[]
gooooo.be,[],[],[],[],[]
photonen.nl,[],[],[],[],[]
fiscaal-recht.be,[],[],[],[],[]
fmb-bmb.be,[],[],[],[],[]
debunte.be,[],[],[],[],[]
csem.be,[u'contact@csem.be'],[],[],[],[]
decomputer.be,[],[],[],[],[]
horecaovernames.be,[],[],[],[],[]
eendrachtzele.be,[],[],[],[],[]
greetd.be,[],[],[],[],[]
hensperkplanten.nl,[],[],[],[],[]
hengeleninbelgie.be,[u'info@hengeleninbelgie.be'],[],[],[],[]
dkoop.be,[u'info@dkoop.be'],[],[],[],[]
domainehelecine.be,[],[],[],[],[]
franse-bulldog-online.be,[],[],[],[],[]
hogeschoolgent.be,[u'fmw@hogent.be'],[],[],[],[]
drakenhof.be,[],[],[],[],[]
create.be,[],[],[],[],[]
jerrymay.be,[u' booking@jerrymay.be'],[],[],[],[]
ilpleut.be,[],[],[],[],[]
wittebollen.nl,[],[],[],[],[]
delphinelebon.be,[],[],[],[],[]
profielveren.nl,[u'sales@hzsolutions.nl'],[],[],[],[]
engineeringpurity.nl,[],[],[],[],[]
